{"timestamp":{"mean_revert":"20250517_122950","ml_boost":"20250517_122950"},"strategies":{"mean_revert":{"trades":[{"strategy":"mean_revert","entry_time":1747328400000,"entry_price":144610000.0,"exit_time":1747303200000,"exit_price":145340000.0,"position":"\ub871","returns":0.50480603,"holding_periods":-7.0,"fee":289950.0},{"strategy":"mean_revert","entry_time":1747130400000,"entry_price":144178000.0,"exit_time":1747083600000,"exit_price":145700000.0,"position":"\ub871","returns":1.0556395567,"holding_periods":-13.0,"fee":289878.0},{"strategy":"mean_revert","entry_time":1747076400000,"entry_price":146744000.0,"exit_time":1747033200000,"exit_price":145187000.0,"position":"\uc20f","returns":1.0610314561,"holding_periods":-12.0,"fee":291931.0}],"metrics":{"total_trades":3,"win_rate":100.0,"total_profit":2.6214770428,"max_drawdown":0,"sharpe_ratio":3.3486893088}},"ml_boost":{"trades":[],"metrics":{"total_trades":0,"win_rate":0.0,"total_profit":0.0,"max_drawdown":0.0,"sharpe_ratio":0.0}}}}